Teff,logg,[M/H],BC_real,BC_pred,MAD
24000,3.0,-1.5,-2.898,-2.9622800000000002,0.06428000000000011
6250,3.5,-1.0,0.053,0.05936999999999998,0.00636999999999998
15000,3.0,-1.5,-1.697,-1.6930099999999992,0.003990000000000826
12500,4.5,-2.0,-1.285,-1.2787900000000014,0.0062099999999984945
5000,1.5,-0.5,0.004,0.007630000000000005,0.0036300000000000048
32000,4.0,0.5,-2.939,-2.9718800000000005,0.032880000000000464
16000,2.5,0.5,-1.318,-1.3342699999999987,0.016269999999998674
30000,3.5,-1.0,-3.165,-3.2121399999999998,0.04713999999999974
8000,3.0,-1.0,0.046,0.039999999999999994,0.006000000000000005
9500,2.5,0.5,-0.102,-0.10931999999999988,0.007319999999999882
8500,2.0,0.5,0.065,0.05709000000000005,0.007909999999999952
7250,4.0,-0.5,0.085,0.08256000000000001,0.0024399999999999977
3500,5.5,0.0,-0.41,-0.6089699999999995,0.19896999999999948
9250,5.0,-1.0,-0.27,-0.24273000000000042,0.0272699999999996
3750,1.0,0.5,-0.708,-0.7025,0.005499999999999949
4750,4.0,-1.5,-0.033,-0.037459999999999966,0.004459999999999964
10000,5.0,-2.0,-0.6,-0.5874400000000009,0.012559999999999127
3750,1.5,0.5,-0.747,-0.7381600000000001,0.008839999999999848
6750,4.0,0.0,0.113,0.10785000000000004,0.00514999999999996
9750,4.0,-0.5,-0.257,-0.2516899999999999,0.005310000000000092
18000,4.5,-2.0,-2.391,-2.382590000000003,0.00840999999999692
6250,5.0,0.0,0.09,0.09294000000000004,0.00294000000000004
24000,3.0,0.5,-2.248,-2.300300000000001,0.05230000000000068
9250,3.5,-1.5,-0.297,-0.2968900000000002,0.00010999999999977694
11000,3.0,-0.5,-0.531,-0.5335199999999998,0.0025199999999997447
24000,3.5,-1.0,-2.717,-2.7222199999999988,0.00521999999999867
4000,4.5,-2.0,-0.13,-0.14830000000000007,0.018300000000000066
3750,1.0,-2.0,-0.86,-0.8620300000000002,0.0020300000000001983
12500,4.5,-1.0,-1.004,-0.9832200000000008,0.020779999999999244
3750,1.0,-0.5,-0.712,-0.7090500000000007,0.002949999999999231
12500,4.5,-1.5,-1.154,-1.1462899999999987,0.007710000000001216
8250,2.5,-0.5,0.044,0.04358999999999996,0.00041000000000003534
6750,1.0,0.0,0.179,0.17410999999999985,0.004890000000000144
4750,5.0,-1.0,-0.033,-0.03455999999999995,0.0015599999999999503
6750,1.0,-2.0,0.137,0.13894999999999993,0.001949999999999924
16000,3.0,-1.5,-1.88,-1.8771300000000024,0.0028699999999974857
8250,5.0,-1.5,-0.094,-0.06665000000000003,0.02734999999999997
3200,0.0,-1.0,-1.471,-1.494710000000001,0.023710000000001008
3500,-0.3,-2.0,-1.486,-1.0895200000000005,0.3964799999999995
9750,3.5,-1.0,-0.348,-0.35117999999999955,0.003179999999999572
13000,4.5,-2.0,-1.409,-1.3889099999999985,0.020090000000001496
7000,1.5,-1.5,0.139,0.1323999999999999,0.006600000000000106
6500,4.5,-2.0,0.004,0.0016399999999999989,0.002360000000000001
2000,4.5,0.0,-2.995,-2.955499999999997,0.03950000000000298
12000,4.5,0.0,-0.667,-0.6734299999999991,0.006429999999999048
3750,0.3,-1.0,-0.808,-0.772199999999999,0.03580000000000105
6000,1.5,0.5,0.139,0.13160999999999992,0.007390000000000091
9750,3.5,-0.5,-0.253,-0.24986999999999987,0.0031300000000001327
8000,2.0,-1.5,0.052,0.04689000000000003,0.005109999999999969
12000,4.0,-0.5,-0.757,-0.75678,0.00021999999999999797
8000,3.5,-1.5,0.009,0.011739999999999999,0.0027399999999999994
30000,4.5,-0.5,-3.058,-3.0050700000000035,0.05292999999999637
21000,3.0,-0.5,-2.164,-2.189689999999998,0.02568999999999777
3750,4.0,0.5,-1.368,-0.98001,0.38799000000000006
9000,4.5,-0.5,-0.122,-0.1152900000000001,0.006709999999999897
4750,2.5,-1.5,-0.085,-0.08164999999999996,0.0033500000000000474
9250,2.0,-0.5,-0.15,-0.1456400000000001,0.004359999999999892
26000,3.5,0.5,-2.468,-2.519730000000002,0.05173000000000183
7500,1.5,-1.0,0.134,0.13793,0.003929999999999989
2500,5.0,-1.0,-1.457,-1.3992199999999997,0.05778000000000039
5750,0.5,0.0,0.126,0.13048000000000004,0.0044800000000000395
8750,5.0,-1.0,-0.15,-0.1413899999999998,0.0086100000000002
4250,0.5,-2.0,-0.294,-0.29281000000000046,0.0011899999999995248
4250,4.0,-1.5,-0.12,-0.1270300000000001,0.007030000000000092
2800,-0.3,0.5,-3.104,-3.1497499999999956,0.045749999999995516
10000,3.5,0.0,-0.228,-0.2239300000000001,0.004069999999999907
2200,5.0,0.5,-2.319,-2.333939999999998,0.014939999999997955
3500,-0.3,-1.5,-1.458,-0.9876600000000004,0.47033999999999954
3000,4.5,0.5,-1.515,-1.5441599999999993,0.02915999999999941
2800,4.0,-0.5,-1.331,-1.3200800000000004,0.010919999999999597
9750,2.5,-1.0,-0.349,-0.3568099999999996,0.0078099999999996506
6500,1.5,-1.0,0.13,0.13434000000000001,0.0043400000000000105
22000,4.0,-1.0,-2.53,-2.509500000000001,0.020499999999998852
6750,3.5,-0.5,0.096,0.09438,0.0016199999999999964
7750,4.0,-1.5,0.021,0.013390000000000011,0.00760999999999999
5250,2.0,-0.5,0.039,0.04114999999999999,0.002149999999999992
8250,4.0,-1.0,-0.026,-0.028449999999999996,0.0024499999999999973
14000,3.5,-1.5,-1.501,-1.5078699999999998,0.006869999999999932
8000,2.0,0.0,0.111,0.10981000000000013,0.0011899999999998717
5250,2.5,0.0,0.057,0.04715,0.009850000000000005
7750,2.0,-1.0,0.104,0.11082999999999998,0.006829999999999989
9250,3.5,0.5,-0.062,-0.06241999999999999,0.0004199999999999898
19000,4.5,-1.0,-2.171,-2.169830000000002,0.001169999999997895
25000,4.5,0.0,-2.505,-2.464140000000001,0.04085999999999901
5500,1.0,0.5,0.1,0.10094999999999997,0.0009499999999999648
4500,3.5,0.0,-0.122,-0.1226800000000002,0.0006800000000002082
5250,0.0,0.5,0.067,0.06546999999999992,0.0015300000000000868
21000,3.5,-2.0,-2.775,-2.7436599999999958,0.03134000000000414
30000,4.5,-2.0,-3.591,-3.5345600000000026,0.0564399999999976
25000,3.0,0.0,-2.393,-2.4302399999999986,0.03723999999999883
26000,4.5,-2.0,-3.357,-3.3404699999999985,0.01653000000000171
7000,5.0,-2.0,-0.001,0.0019599999999999995,0.0029599999999999995
3500,-0.5,-2.0,-0.47,-0.9514100000000009,0.4814100000000009
6750,4.5,-0.5,0.07,0.06975000000000002,0.00024999999999998634
7250,4.0,0.5,0.149,0.1471299999999998,0.0018700000000002048
8750,2.5,0.5,0.025,0.017010000000000004,0.007989999999999997
24000,4.5,-1.5,-2.979,-2.974749999999998,0.0042500000000020854
6750,0.5,-1.5,0.153,0.14733,0.005670000000000008
15000,2.5,-0.5,-1.342,-1.353209999999999,0.011209999999998832
9750,4.5,-0.5,-0.264,-0.26233999999999985,0.0016600000000001613
12000,4.0,0.5,-0.616,-0.6125599999999994,0.0034400000000005537
3750,4.5,-0.5,-0.208,-0.24169999999999997,0.03369999999999998
26000,3.5,-1.5,-3.124,-3.158549999999999,0.03454999999999897
5500,1.0,-1.0,0.06,0.06011000000000004,0.00011000000000004062
3200,4.0,-1.0,-0.699,-0.7450100000000002,0.04601000000000022
6500,2.0,-2.0,0.09,0.09741000000000004,0.0074100000000000416
5500,1.0,0.0,0.096,0.0978900000000001,0.0018900000000001
4250,5.0,0.0,-0.249,-0.17702000000000012,0.07197999999999988
4250,4.5,-1.0,-0.129,-0.13339000000000004,0.004390000000000033
4750,1.5,-1.0,-0.073,-0.07190999999999992,0.001090000000000077
23000,3.5,-1.0,-2.613,-2.6370500000000026,0.02405000000000257
4250,3.5,0.5,-0.258,-0.25151,0.006489999999999996
13000,2.5,-0.5,-0.954,-0.9649799999999984,0.010979999999998435
3350,-0.3,-0.5,-1.522,-1.61681,0.09481000000000006
5500,5.0,-1.0,0.017,0.013450000000000007,0.003549999999999994
16000,3.0,-0.5,-1.515,-1.5219799999999986,0.006979999999998654
8000,4.5,-0.5,0.019,0.025500000000000002,0.006500000000000002
13000,2.5,-1.5,-1.264,-1.275389999999999,0.011389999999998901
11000,5.0,0.0,-0.462,-0.45404000000000044,0.007959999999999579
8500,4.5,-2.0,-0.153,-0.13263000000000003,0.02036999999999997
21000,4.5,0.0,-2.092,-2.076680000000001,0.015319999999999112
30000,4.0,-1.0,-3.227,-3.2425499999999987,0.015549999999998843
4000,4.5,0.5,-0.435,-0.45195,0.01695000000000002
7250,4.0,-1.5,0.05,0.04552000000000003,0.00447999999999997
7500,2.5,-2.0,0.084,0.09686000000000006,0.012860000000000052
4250,4.5,0.5,-0.284,-0.25279,0.03120999999999996
18000,4.0,-0.5,-1.84,-1.8281000000000012,0.011899999999998911
3500,5.0,-1.5,-0.117,-0.12697999999999987,0.009979999999999864
12500,2.5,0.0,-0.743,-0.7458799999999998,0.0028799999999997716
7000,4.0,-2.0,0.037,0.033790000000000014,0.0032099999999999837
5250,3.0,0.0,0.054,0.04258999999999996,0.011410000000000038
3750,5.0,-0.5,-0.147,-0.19254000000000002,0.045540000000000025
4250,2.0,-0.5,-0.26,-0.25736000000000014,0.0026399999999998647
3000,0.3,-0.5,-1.705,-1.798420000000002,0.09342000000000183
17000,2.5,-1.5,-2.033,-2.054220000000002,0.021220000000002237
16000,4.0,0.0,-1.406,-1.411219999999999,0.005219999999999114
25000,5.0,0.0,-2.527,-2.472040000000001,0.05495999999999901
17000,4.0,0.5,-1.505,-1.4974599999999998,0.007540000000000102
6000,4.5,0.0,0.077,0.08079000000000004,0.0037900000000000433
16000,5.0,0.0,-1.42,-1.4188399999999992,0.001160000000000716
26000,4.5,-1.5,-3.178,-3.1781599999999988,0.00015999999999882775
3350,0.0,0.5,-1.876,-2.0580700000000007,0.18207000000000084
3200,-0.3,0.0,-2.21,-1.9497799999999987,0.26022000000000123
8750,2.5,-0.5,-0.048,-0.05226000000000003,0.004260000000000028
2000,4.5,-1.0,-2.577,-2.1894799999999996,0.3875200000000003
10000,4.5,0.5,-0.205,-0.19785999999999984,0.007140000000000146
4500,5.0,-2.0,-0.056,-0.06979000000000005,0.013790000000000045
7750,4.5,-1.5,-0.003,-0.009220000000000004,0.006220000000000004
10500,5.0,-0.5,-0.432,-0.4238900000000004,0.008109999999999618
11000,4.0,-1.5,-0.781,-0.7848100000000007,0.003810000000000646
7250,3.5,0.5,0.16,0.16149000000000008,0.0014900000000000746
5500,4.5,-2.0,-0.03,-0.02731000000000001,0.0026899999999999875
6500,0.5,-0.5,0.164,0.15864,0.005360000000000004
2500,4.0,-1.5,-1.233,-1.2135000000000007,0.019499999999999407
6000,3.5,-1.5,0.017,0.020790000000000024,0.0037900000000000225
10000,5.0,0.5,-0.21,-0.19829999999999984,0.011700000000000155
7750,3.5,-2.0,0.024,0.04826999999999992,0.024269999999999917
6000,1.5,-1.0,0.082,0.08243000000000002,0.0004300000000000137
9250,2.5,-1.0,-0.225,-0.23476000000000027,0.009760000000000268
21000,4.0,0.5,-2.013,-2.0115699999999994,0.0014300000000004864
6250,2.5,0.0,0.122,0.13227000000000005,0.010270000000000057
23000,4.0,0.0,-2.286,-2.2554199999999986,0.030580000000001384
7250,4.0,0.0,0.112,0.10565000000000005,0.006349999999999953
7000,1.0,-2.0,0.141,0.14056999999999983,0.0004300000000001525
8750,3.5,-1.5,-0.136,-0.13419999999999996,0.0018000000000000516
4250,4.5,-1.5,-0.106,-0.10262,0.003379999999999994
11500,4.0,-0.5,-0.646,-0.6405099999999994,0.005490000000000661
7750,5.0,-0.5,0.026,0.033439999999999956,0.007439999999999957
26000,4.5,-0.5,-2.755,-2.7317800000000028,0.023219999999997132
6500,3.5,-2.0,0.035,0.04442000000000003,0.009420000000000026
5750,1.5,-1.5,0.061,0.0606300000000001,0.0003699999999998982
3750,1.5,-1.5,-0.742,-0.7372200000000003,0.004779999999999673
2800,5.0,-0.5,-1.337,-1.29681,0.04018999999999995
14000,5.0,-0.5,-1.186,-1.1763400000000015,0.009659999999998448
5500,3.5,0.5,0.075,0.07455000000000003,0.0004499999999999643
26000,5.0,0.0,-2.615,-2.594310000000003,0.020689999999997433
2000,5.5,0.5,-2.888,-2.7408099999999984,0.1471900000000015
3350,-0.5,0.5,-1.969,-2.1190899999999995,0.1500899999999994
4250,1.0,-1.0,-0.275,-0.28161000000000036,0.006610000000000338
8000,2.5,-1.0,0.059,0.059440000000000055,0.0004400000000000584
10000,5.0,-1.0,-0.407,-0.3947500000000004,0.012249999999999595
8500,5.0,-0.5,-0.061,-0.03632000000000004,0.02467999999999996
7750,3.0,-1.0,0.079,0.08289999999999997,0.003899999999999973
7000,2.0,-0.5,0.148,0.14319999999999986,0.0048000000000001375
6000,1.0,-0.5,0.109,0.10338000000000004,0.005619999999999958
5750,3.0,0.0,0.091,0.09313000000000006,0.0021300000000000624
9750,5.0,-2.0,-0.554,-0.5325699999999993,0.021430000000000726
8250,4.5,-2.0,-0.095,-0.07037999999999997,0.02462000000000003
4000,1.0,-1.0,-0.468,-0.46660999999999947,0.0013900000000005575
6500,1.0,-2.0,0.122,0.12663999999999995,0.00463999999999995
18000,2.5,-0.5,-1.792,-1.8123300000000016,0.020330000000001514
19000,4.0,0.5,-1.777,-1.7763600000000008,0.0006399999999990857
6500,3.0,-0.5,0.105,0.09838999999999995,0.006610000000000046
7250,0.5,-1.0,0.158,0.1614899999999997,0.003489999999999688
8500,4.0,0.0,0.015,0.023139999999999997,0.008139999999999998
8750,3.0,0.5,0.025,0.021030000000000007,0.003969999999999994
8250,2.0,0.5,0.106,0.10626999999999992,0.0002699999999999231
4250,3.5,0.0,-0.234,-0.2247800000000002,0.009219999999999812
23000,3.0,-1.0,-2.578,-2.6354200000000025,0.05742000000000269
24000,3.5,0.0,-2.349,-2.3463699999999985,0.0026300000000016865
3350,4.5,0.5,-1.299,-1.2705800000000007,0.028419999999999224
8250,4.0,-0.5,0.008,0.01344,0.00544
6000,4.0,0.5,0.108,0.11019999999999998,0.0021999999999999797
6250,5.0,-0.5,0.061,0.05617999999999996,0.0048200000000000395
5000,3.0,-2.0,-0.028,-0.024489999999999994,0.003510000000000006
7500,3.0,-2.0,0.065,0.07483000000000004,0.009830000000000033
2800,-0.3,-1.0,-1.766,-1.8071899999999972,0.04118999999999717
30000,4.5,-1.0,-3.265,-3.2558899999999977,0.009110000000002394
24000,3.5,-1.5,-2.937,-2.967229999999999,0.03022999999999909
9750,3.5,-1.5,-0.441,-0.44423999999999997,0.003239999999999965
15000,5.0,0.5,-1.199,-1.1964599999999985,0.002540000000001541
3750,-0.3,-2.0,-0.371,-0.9186699999999997,0.5476699999999997
8250,1.5,-2.0,-0.018,-0.013310000000000004,0.0046899999999999945
2500,4.0,0.0,-1.917,-1.874279999999999,0.04272000000000098
21000,5.0,-1.0,-2.433,-2.389229999999999,0.04377000000000075
6500,0.5,0.0,0.178,0.17466999999999988,0.0033300000000001106
5000,1.5,0.5,0.001,0.006180000000000003,0.005180000000000003
29000,5.0,-1.0,-3.219,-3.1804799999999993,0.038520000000000554
5500,0.0,0.5,0.114,0.10996999999999998,0.00403000000000002
11000,2.5,-2.0,-0.893,-0.8816500000000004,0.011349999999999638
8750,2.0,-0.5,-0.051,-0.05813999999999996,0.007139999999999966
8500,3.5,0.5,0.062,0.06090999999999996,0.0010900000000000423
3500,4.0,-1.0,-0.243,-0.41107999999999983,0.16807999999999984
4750,3.5,-1.0,-0.069,-0.07223000000000006,0.0032300000000000523
7500,3.5,-2.0,0.044,0.05841999999999994,0.01441999999999994
10500,2.5,0.5,-0.297,-0.3040100000000002,0.007010000000000238
7000,3.5,0.5,0.155,0.1592700000000001,0.004270000000000107
3750,3.5,-1.5,-0.026,-0.15788,0.13188
7500,4.5,0.0,0.095,0.08807000000000008,0.006929999999999922
6250,3.5,-0.5,0.077,0.08617999999999995,0.009179999999999952
3200,5.0,-1.5,-0.51,-0.4830300000000004,0.026969999999999605
4000,2.5,0.0,-0.384,-0.3934900000000001,0.00949000000000011
29000,4.5,-1.0,-3.2,-3.1772899999999997,0.022710000000000452
5000,2.0,0.0,0.018,0.012039999999999997,0.005960000000000002
11000,3.5,-2.0,-0.89,-0.8814400000000004,0.008559999999999568
33000,4.5,-2.0,-3.702,-3.6849399999999974,0.017060000000002518
30000,5.0,-1.5,-3.505,-3.480419999999997,0.024580000000002933
7750,2.0,-2.0,0.076,0.08850999999999988,0.012509999999999882
9250,2.5,0.0,-0.095,-0.09922999999999987,0.004229999999999873
6500,4.0,-1.0,0.055,0.054680000000000006,0.0003199999999999939
16000,2.5,-0.5,-1.506,-1.5204399999999987,0.014439999999998676
5750,2.0,-1.5,0.048,0.04684,0.0011600000000000013
20000,3.5,-1.5,-2.482,-2.5066200000000025,0.024620000000002307
8750,5.0,-2.0,-0.232,-0.2001500000000001,0.031849999999999906
4250,4.5,0.0,-0.264,-0.19601000000000007,0.06798999999999994
9500,2.5,-0.5,-0.196,-0.20175999999999977,0.005759999999999765
8500,2.5,-1.0,-0.038,-0.050989999999999994,0.012989999999999995
6500,5.0,0.5,0.134,0.1286199999999999,0.005380000000000107
5250,3.5,0.5,0.034,0.03796999999999999,0.003969999999999987
13000,3.0,-2.0,-1.402,-1.3885399999999992,0.013460000000000694
6000,3.5,-0.5,0.059,0.06156000000000002,0.0025600000000000206
6000,1.0,0.0,0.13,0.13230999999999996,0.002309999999999951
12000,3.0,-0.5,-0.748,-0.7535000000000003,0.0055000000000002824
11500,3.0,0.0,-0.545,-0.5393500000000004,0.0056499999999996
5750,1.5,-1.0,0.07,0.06922000000000007,0.0007799999999999335
7000,2.5,0.5,0.18,0.1805,0.0005000000000000004
40000,5.0,-1.0,-3.919,-3.8169400000000024,0.1020599999999976
6750,3.5,-1.5,0.063,0.06207000000000003,0.0009299999999999725
5500,0.5,-1.5,0.064,0.06655000000000004,0.0025500000000000383
6750,2.5,-0.5,0.126,0.1251800000000001,0.0008199999999999041
7500,0.5,-0.5,-0.079,0.15446999999999989,0.2334699999999999
7750,4.0,-0.5,0.065,0.06417999999999997,0.000820000000000029
7750,5.0,0.5,0.11,0.1213899999999999,0.0113899999999999
31000,4.0,0.0,-2.907,-2.924409999999998,0.01740999999999815
9000,4.0,-2.0,-0.275,-0.25896000000000025,0.016039999999999777
4750,1.0,-2.0,-0.08,-0.08085000000000005,0.0008500000000000452
8750,3.5,-2.0,-0.179,-0.1644400000000002,0.014559999999999795
16000,3.5,0.0,-1.397,-1.39041,0.006590000000000096
4500,0.5,-0.5,-0.135,-0.13628999999999983,0.001289999999999819
4500,3.0,0.5,-0.138,-0.13779000000000013,0.00020999999999987695
5250,0.0,-1.5,0.048,0.047409999999999994,0.0005900000000000072
7250,1.5,-0.5,0.157,0.15422000000000013,0.002779999999999866
13000,4.0,-0.5,-0.963,-0.9584399999999984,0.004560000000001563
8000,2.5,0.0,0.109,0.10733000000000015,0.0016699999999998522
4250,0.5,0.0,-0.222,-0.22419000000000014,0.0021900000000001363
2200,5.0,-0.5,-2.328,-2.2474800000000004,0.08051999999999948
7750,2.5,-1.5,0.077,0.09260000000000002,0.015600000000000017
3750,5.0,0.5,-0.804,-0.6800899999999995,0.12391000000000052
12000,4.5,0.5,-0.627,-0.6308499999999995,0.003849999999999465
3750,0.9,0.0,-0.635,-0.6427699999999997,0.007769999999999722
19000,4.0,0.0,-1.836,-1.8284700000000011,0.0075299999999989264
5500,3.0,-1.0,0.03,0.026329999999999982,0.003670000000000017
29000,3.5,0.5,-2.691,-2.7381100000000003,0.04711000000000043
16000,2.5,-1.0,-1.681,-1.6958499999999979,0.01484999999999781
11500,4.5,0.5,-0.526,-0.5241199999999993,0.00188000000000077
5750,0.0,-1.5,0.096,0.08837,0.007629999999999998
28000,4.5,-0.5,-2.922,-2.8908400000000007,0.03115999999999941
7000,5.0,0.5,0.13,0.13665999999999992,0.006659999999999916
2000,5.5,-0.5,-2.839,-2.7378100000000027,0.10118999999999723
3200,0.6,-2.0,-0.949,-1.0442900000000013,0.09529000000000132
3000,-0.5,-1.5,-1.573,-1.4551599999999993,0.11784000000000061
2200,4.0,-0.5,-2.313,-2.282449999999999,0.030550000000001187
5000,0.5,-1.0,0.0,-0.001760000000000001,0.001760000000000001
2800,5.0,-1.0,-1.116,-1.04818,0.06782000000000021
21000,4.0,-2.0,-2.791,-2.766539999999996,0.024460000000003923
35000,5.0,0.5,-3.21,-3.2332000000000027,0.023200000000002774
11500,4.0,0.0,-0.557,-0.5524499999999994,0.004550000000000609
2800,4.5,-1.5,-0.897,-0.901370000000001,0.004370000000000984
15000,4.5,-0.5,-1.365,-1.3642,0.0007999999999999119
4750,1.5,0.5,-0.05,-0.04904,0.0009600000000000025
35000,4.5,0.0,-3.194,-3.2534900000000038,0.05949000000000382
4500,3.5,-1.5,-0.135,-0.13497000000000012,2.9999999999891225e-05
12000,5.0,-1.5,-1.043,-1.0498700000000007,0.00687000000000082
8250,3.5,-2.0,-0.055,-0.037800000000000014,0.017199999999999986
5000,2.0,-2.0,-0.023,-0.020349999999999976,0.002650000000000024
35000,5.0,-0.5,-3.386,-3.396430000000001,0.010430000000000827
21000,4.5,-1.0,-2.424,-2.3857099999999987,0.03829000000000127
2200,4.5,-1.5,-1.335,-1.426390000000001,0.09139000000000097
9500,4.5,-1.0,-0.313,-0.3079499999999997,0.0050500000000002765
8750,4.0,-2.0,-0.197,-0.18591000000000013,0.011089999999999878
5250,4.0,0.0,0.023,0.03395,0.010950000000000001
25000,5.0,-0.5,-2.681,-2.656899999999997,0.024100000000002897
16000,4.0,0.5,-1.349,-1.3469599999999986,0.002040000000001374
9750,2.5,0.0,-0.178,-0.18291999999999992,0.0049199999999999244
21000,4.5,-0.5,-2.233,-2.209519999999997,0.023480000000003276
29000,4.5,-0.5,-2.993,-2.9604700000000013,0.032529999999998616
8500,2.0,0.0,0.033,0.026779999999999974,0.006220000000000028
22000,4.5,-1.5,-2.754,-2.746630000000004,0.00736999999999588
26000,4.0,-1.0,-2.937,-2.9182400000000017,0.01875999999999811
2200,3.5,-1.5,-1.653,-1.48385,0.16915000000000013
19000,4.0,-1.5,-2.363,-2.362209999999997,0.000790000000002955
9250,5.0,0.0,-0.119,-0.10791000000000006,0.011089999999999933
31000,5.0,-2.0,-3.653,-3.587650000000004,0.06534999999999602
17000,2.5,0.5,-1.46,-1.4843399999999978,0.024339999999997808
5000,5.0,0.0,-0.007,-0.005350000000000004,0.001649999999999996
4750,2.5,-0.5,-0.068,-0.06757000000000005,0.0004299999999999582
4750,0.0,-1.5,-0.08,-0.07744999999999998,0.0025500000000000245
7500,1.5,0.0,0.165,0.16714000000000012,0.002140000000000114
25000,5.0,-1.0,-2.88,-2.8637499999999956,0.016250000000004317
34000,5.0,-1.5,-3.677,-3.663589999999999,0.013410000000001254
3350,-0.5,-1.5,-1.536,-1.4029199999999997,0.1330800000000003
40000,5.0,-2.0,-4.123,-4.01103,0.11197000000000035
9000,2.5,0.0,-0.053,-0.058700000000000044,0.005700000000000045
15000,4.5,-1.5,-1.714,-1.7077,0.006299999999999972
6750,3.0,-1.0,0.097,0.09258999999999996,0.004410000000000039
4750,3.0,-2.0,-0.084,-0.08228999999999993,0.0017100000000000726
7500,2.5,-0.5,0.129,0.12890999999999994,9.000000000006225e-05
6250,0.5,0.5,0.179,0.16879000000000005,0.010209999999999941
9000,5.0,-2.0,-0.321,-0.2760200000000002,0.0449799999999998
25000,3.5,-2.0,-3.211,-3.1857800000000007,0.025219999999999132
3000,0.0,0.0,-2.464,-2.5585699999999982,0.09456999999999827
18000,3.5,0.0,-1.692,-1.6750800000000006,0.01691999999999938
3350,-0.3,0.5,-1.93,-2.1082899999999998,0.17828999999999984
6750,1.5,-2.0,0.124,0.124,0.0
5750,0.0,-1.0,0.103,0.09339999999999998,0.009600000000000011
9750,4.5,0.5,-0.154,-0.15222000000000024,0.001779999999999754
27000,4.5,0.5,-2.625,-2.6373600000000024,0.012360000000002369
16000,3.5,-0.5,-1.525,-1.5246699999999986,0.0003300000000012737
30000,5.0,-0.5,-3.082,-3.0178799999999995,0.0641200000000004
4000,1.0,-0.5,-0.436,-0.4364,0.00040000000000001146
3500,5.5,-0.5,-0.302,-0.3988199999999997,0.09681999999999968
37500,5.0,-1.0,-3.745,-3.6834200000000004,0.061579999999999746
5500,1.5,0.5,0.094,0.09184999999999997,0.002150000000000027
10500,3.0,-2.0,-0.739,-0.7338299999999996,0.005170000000000341
5750,2.5,-2.0,0.024,0.028800000000000003,0.004800000000000002
6750,3.0,-1.5,0.082,0.07536000000000001,0.006639999999999993
8250,3.5,-0.5,0.024,0.024950000000000007,0.0009500000000000064
7250,2.0,0.5,0.191,0.1886800000000001,0.0023199999999999055
3500,5.5,-1.5,-0.114,-0.1278199999999999,0.013819999999999902
12500,4.0,0.5,-0.708,-0.7077899999999997,0.00021000000000026553
3350,0.3,-0.5,-1.412,-1.4915799999999997,0.07957999999999976
5000,4.0,0.5,-0.01,-0.010070000000000006,7.000000000000582e-05
6000,4.0,-1.5,0.003,0.00365,0.00065
20000,3.0,0.0,-1.907,-1.9135600000000006,0.006560000000000565
7500,5.0,-1.5,-0.007,0.004400000000000002,0.011400000000000002
19000,3.5,-1.0,-2.147,-2.1487399999999983,0.0017399999999985205
5750,4.0,-1.0,0.024,0.026959999999999984,0.0029599999999999835
8500,5.0,-2.0,-0.174,-0.1374099999999998,0.03659000000000018
7000,3.5,-0.5,0.101,0.09834000000000008,0.0026599999999999263
11000,3.5,0.5,-0.41,-0.4113000000000006,0.001300000000000634
8000,3.5,0.5,0.129,0.1247,0.004299999999999998
11000,3.0,-1.0,-0.648,-0.6540999999999991,0.006099999999999106
4000,3.5,0.5,-0.499,-0.4862700000000006,0.012729999999999408
17000,4.0,-2.0,-2.227,-2.215519999999998,0.011480000000001933
9500,3.5,-1.5,-0.376,-0.3764700000000001,0.00047000000000008146
12500,2.5,-1.5,-1.146,-1.1429,0.0030999999999998806
3200,0.3,-2.0,-1.036,-1.1085900000000004,0.07259000000000038
7000,4.5,0.5,0.137,0.14262999999999973,0.0056299999999997186
8250,1.5,0.5,0.1,0.1049099999999999,0.0049099999999999006
4250,2.5,-0.5,-0.261,-0.2557000000000001,0.005299999999999916
4000,1.5,0.5,-0.443,-0.43949999999999995,0.0035000000000000586
7750,4.5,-1.0,0.019,0.020899999999999995,0.0018999999999999954
30000,3.5,-0.5,-2.961,-2.952550000000004,0.00844999999999585
14000,5.0,-1.0,-1.342,-1.3358599999999976,0.006140000000002477
6250,0.5,-2.0,0.113,0.11352000000000004,0.0005200000000000343
6250,1.5,0.0,0.142,0.14745000000000005,0.005450000000000066
4750,1.0,-0.5,-0.06,-0.058380000000000036,0.0016199999999999617
6500,1.0,-1.0,0.142,0.1474199999999999,0.005419999999999925
7000,3.0,-1.5,0.09,0.08042000000000003,0.009579999999999964
12000,4.0,-1.0,-0.89,-0.89,0.0
15000,2.5,-2.0,-1.842,-1.8432400000000024,0.0012400000000023503
2500,4.5,-1.5,-1.1,-1.1696499999999996,0.06964999999999955
31000,4.5,-2.0,-3.629,-3.574140000000004,0.054859999999996134
7250,4.5,-1.0,0.051,0.04889999999999997,0.0021000000000000255
3500,4.0,-0.5,-0.519,-0.6819699999999999,0.16296999999999984
28000,3.5,0.0,-2.669,-2.6690000000000005,4.440892098500626e-16
5500,2.5,-1.0,0.035,0.03428999999999996,0.0007100000000000439
18000,4.0,-2.0,-2.385,-2.363860000000001,0.021139999999998604
22000,3.0,0.5,-2.048,-2.1051300000000026,0.05713000000000257
7500,1.5,-2.0,0.111,0.11634000000000007,0.005340000000000067
3200,-0.5,-1.0,-1.708,-1.6626100000000021,0.04538999999999782
10000,4.5,0.0,-0.236,-0.23181000000000032,0.004189999999999666
4500,5.0,-1.5,-0.065,-0.0784000000000001,0.013400000000000092
5750,2.0,-1.0,0.059,0.05741999999999999,0.001580000000000005
37500,4.5,-2.0,-3.952,-3.9016399999999978,0.05036000000000218
6250,1.5,0.5,0.165,0.16419,0.0008100000000000052
2200,5.5,-1.0,-1.601,-1.6253500000000012,0.024350000000001204
9250,2.5,-0.5,-0.144,-0.1455600000000001,0.0015600000000001168
3750,1.5,-2.0,-0.809,-0.8080400000000002,0.0009599999999998499
6500,2.5,-1.5,0.084,0.08686999999999992,0.0028699999999999143
5750,0.5,-1.5,0.085,0.08532000000000003,0.0003200000000000286
3200,0.0,0.0,-2.133,-1.92821,0.20479000000000003
4000,4.5,-1.0,-0.164,-0.17743000000000006,0.013430000000000053
7250,1.5,-2.0,0.127,0.12855000000000005,0.0015500000000000513
8000,3.5,-2.0,-0.011,-0.0011699999999999987,0.00983
24000,3.0,0.0,-2.308,-2.3441899999999984,0.03618999999999861
3350,4.0,-1.0,-0.515,-0.5910899999999997,0.07608999999999966
8500,2.0,-1.0,-0.037,-0.05043,0.013430000000000004
5000,4.5,-1.0,-0.007,-0.007290000000000006,0.00029000000000000553
13000,4.5,-1.0,-1.115,-1.0919299999999992,0.023070000000000812
7500,4.0,0.5,0.148,0.14363999999999993,0.004360000000000058
12500,3.0,-2.0,-1.279,-1.2808700000000015,0.0018700000000015926
3750,1.5,0.0,-0.648,-0.6465499999999997,0.0014500000000002844
4500,0.0,0.5,-0.133,-0.13562999999999975,0.0026299999999997437
15000,3.5,0.0,-1.231,-1.2311799999999997,0.0001799999999996249
12500,5.0,-1.0,-1.007,-0.9862400000000006,0.020759999999999335
4000,4.0,-2.0,-0.141,-0.17846000000000006,0.03746000000000008
15000,2.5,0.5,-1.161,-1.1713200000000017,0.010320000000001661
2200,5.0,-1.5,-1.093,-1.1517500000000005,0.058750000000000524
5500,5.0,-2.0,-0.027,-0.02624,0.0007600000000000003
4750,4.5,0.5,-0.091,-0.07756000000000009,0.01343999999999991
8500,3.5,-0.5,-0.013,-0.006370000000000002,0.006629999999999997
4500,1.0,-1.0,-0.144,-0.1457000000000002,0.0017000000000002014
30000,4.0,-1.5,-3.446,-3.4507999999999974,0.004799999999997251
13000,5.0,0.5,-0.827,-0.8104199999999997,0.01658000000000026
8000,4.5,-2.0,-0.054,-0.047619999999999975,0.0063800000000000245
33000,4.5,-0.5,-3.232,-3.220799999999999,0.011200000000000987
3200,-0.5,0.0,-2.266,-1.974,0.29200000000000004
3000,4.0,-1.5,-0.766,-0.8637300000000004,0.09773000000000043
20000,3.0,-1.5,-2.461,-2.501600000000002,0.04060000000000219
5750,4.0,-1.5,0.0,0.0018299999999999994,0.0018299999999999994
4750,0.5,-1.0,-0.07,-0.06937000000000001,0.0006299999999999917
8750,3.0,-1.0,-0.095,-0.09693000000000004,0.0019300000000000428
5250,5.0,0.0,0.023,0.031129999999999977,0.008129999999999978
4000,4.5,-1.5,-0.142,-0.15664,0.014640000000000014
8250,2.5,-1.0,0.017,0.015129999999999982,0.0018700000000000192
13000,5.0,-1.0,-1.119,-1.0941499999999993,0.024850000000000705
9750,3.5,-2.0,-0.525,-0.5242399999999993,0.0007600000000007601
4750,3.0,-1.5,-0.086,-0.08089999999999996,0.005100000000000035
3000,0.6,-0.5,-1.581,-1.750170000000001,0.16917000000000093
4000,3.0,-1.5,-0.444,-0.45056000000000024,0.006560000000000232
2000,4.5,0.5,-2.806,-2.8381799999999964,0.03217999999999632
21000,3.5,-0.5,-2.195,-2.1920799999999985,0.002920000000001366
25000,3.5,-0.5,-2.605,-2.592430000000002,0.012569999999997972
13000,3.5,-2.0,-1.404,-1.3894399999999991,0.014560000000000795
12500,5.0,-0.5,-0.869,-0.8588799999999995,0.010120000000000462
10500,5.0,0.5,-0.325,-0.3196900000000001,0.005309999999999926
7250,3.0,-0.5,0.119,0.11481000000000019,0.004189999999999805
19000,5.0,0.0,-1.858,-1.84736,0.010640000000000205
5250,4.5,-1.0,0.001,0.0033300000000000014,0.0023300000000000013
9000,3.0,-2.0,-0.25,-0.24793000000000012,0.0020699999999998775
30000,5.0,-2.0,-3.611,-3.549160000000004,0.06183999999999612
19000,3.0,0.5,-1.727,-1.773170000000001,0.04617000000000093
2800,-0.3,-1.5,-1.449,-1.4087599999999996,0.0402400000000005
4250,2.0,-2.0,-0.269,-0.27181,0.002809999999999979
3200,5.0,0.5,-1.185,-1.1758400000000009,0.009159999999999169
7750,5.0,0.0,0.063,0.07582000000000005,0.012820000000000054
6000,2.5,0.0,0.104,0.11083000000000004,0.006830000000000044
3200,0.0,-0.5,-1.638,-1.6616400000000002,0.023640000000000327
8750,3.5,-0.5,-0.058,-0.058380000000000036,0.0003800000000000331
8750,3.0,-1.5,-0.125,-0.13383999999999996,0.008839999999999959
7500,3.0,0.0,0.142,0.1317400000000001,0.01025999999999988
23000,4.5,-1.5,-2.869,-2.8515699999999966,0.01743000000000361
11000,4.0,-1.0,-0.653,-0.656789999999999,0.003789999999998961
9250,4.5,-1.0,-0.253,-0.24167000000000044,0.011329999999999563
6000,1.5,-2.0,0.058,0.06262000000000008,0.0046200000000000754
3350,-0.3,-1.5,-1.459,-1.3585100000000003,0.10048999999999975
32000,5.0,-0.5,-3.21,-3.176379999999998,0.03362000000000176
7000,4.0,0.5,0.146,0.14981999999999973,0.0038199999999997403
6250,4.5,-1.0,0.035,0.03967999999999999,0.00467999999999999
9500,2.0,-0.5,-0.203,-0.20215999999999973,0.000840000000000285
4750,5.0,-1.5,-0.027,-0.029089999999999977,0.0020899999999999773
3750,0.6,-1.5,-0.817,-0.8136700000000008,0.003329999999999167
34000,4.0,-1.0,-3.446,-3.4516799999999983,0.005679999999998131
4500,2.0,-0.5,-0.138,-0.13712999999999992,0.0008700000000000929
2800,0.0,0.0,-2.484,-2.5912399999999995,0.10723999999999956
6500,1.5,0.0,0.162,0.16527999999999987,0.0032799999999998664
2800,-0.7,-1.5,-1.661,-1.5213999999999996,0.1396000000000004
3750,0.0,-1.5,-0.893,-0.8426099999999996,0.05039000000000038
3200,0.6,-1.5,-0.981,-1.0845800000000005,0.10358000000000056
6250,3.5,-2.0,0.016,0.025990000000000027,0.009990000000000027
28000,5.0,-2.0,-3.506,-3.4778400000000023,0.02815999999999752
4500,2.0,-1.0,-0.146,-0.14498000000000008,0.0010199999999999099
7000,3.5,-1.5,0.07,0.06641000000000001,0.003589999999999996
8500,4.5,0.0,0.001,0.0024599999999999995,0.0014599999999999995
6250,5.0,-2.0,-0.013,-0.007230000000000004,0.005769999999999996
4250,3.0,-0.5,-0.263,-0.25342000000000003,0.009579999999999977
6500,4.5,0.5,0.138,0.13401999999999994,0.003980000000000067
6500,1.0,-1.5,0.131,0.13185000000000005,0.0008500000000000452
4250,3.5,-1.5,-0.234,-0.2414300000000001,0.007430000000000075
3500,4.0,-2.0,-0.08,-0.14781999999999984,0.06781999999999984
4000,3.0,-2.0,-0.409,-0.42159999999999975,0.012599999999999778
14000,3.5,-1.0,-1.328,-1.3260799999999977,0.0019200000000023643
25000,4.5,-1.0,-2.866,-2.853249999999997,0.012750000000003148
7750,1.5,-0.5,0.125,0.12575000000000006,0.0007500000000000562
3500,0.9,-2.0,-1.256,-1.2557900000000004,0.0002099999999995994
23000,3.5,-0.5,-2.412,-2.399989999999998,0.012010000000001853
6000,4.0,-0.5,0.053,0.05293000000000001,6.999999999998674e-05
3350,0.0,-0.5,-1.464,-1.5838300000000007,0.11983000000000077
7500,2.0,0.0,0.161,0.16303,0.002030000000000004
5250,5.0,-2.0,-0.028,-0.028420000000000004,0.0004200000000000037
7250,4.5,-0.5,0.068,0.06823000000000007,0.0002300000000000635
6500,5.0,-0.5,0.066,0.05997999999999995,0.006020000000000053
6250,1.5,-0.5,0.124,0.12324,0.0007599999999999968
3000,5.0,-2.0,-0.619,-0.5344600000000005,0.0845399999999995
2000,4.0,-1.0,-2.69,-2.25558,0.4344199999999998
45000,5.0,-1.0,-4.164,-4.354129999999997,0.19012999999999725
28000,4.5,-1.0,-3.127,-3.112490000000004,0.014509999999995582
3350,4.0,0.5,-1.679,-1.585300000000001,0.093699999999999
20000,3.0,-2.0,-2.633,-2.6439100000000026,0.01091000000000264
12000,3.0,0.0,-0.647,-0.6512100000000006,0.004210000000000602
24000,3.5,-0.5,-2.511,-2.5056399999999983,0.005360000000001808
18000,5.0,0.0,-1.724,-1.7128999999999994,0.011100000000000554
23000,4.5,0.0,-2.311,-2.2746599999999977,0.03634000000000226
10500,3.0,-1.5,-0.638,-0.6425199999999992,0.004519999999999191
18000,3.0,0.5,-1.608,-1.6491299999999993,0.04112999999999922
7500,5.0,0.5,0.126,0.1299200000000001,0.00392000000000009
32000,4.0,0.0,-2.964,-2.9925799999999985,0.028579999999998495
8250,5.0,-2.0,-0.119,-0.07374999999999993,0.04525000000000007
18000,4.5,-1.5,-2.228,-2.2199400000000025,0.008059999999997736
6500,4.0,-1.5,0.034,0.025959999999999997,0.008040000000000005
20000,4.5,0.0,-1.974,-1.9671500000000028,0.006849999999997136
24000,4.0,-0.5,-2.543,-2.5662199999999995,0.023219999999999352
18000,2.5,-2.0,-2.347,-2.3588000000000036,0.011800000000003585
7500,4.5,0.5,0.137,0.1359599999999999,0.0010400000000001242
25000,4.5,-1.5,-3.085,-3.0658600000000003,0.019139999999999713
6750,1.5,0.5,0.197,0.19288000000000008,0.004119999999999929
7000,2.0,-1.5,0.125,0.11892000000000008,0.006079999999999919
21000,4.0,-1.0,-2.411,-2.3833099999999985,0.027690000000001547
6500,4.0,-0.5,0.08,0.07571999999999994,0.0042800000000000615
29000,3.5,0.0,-2.729,-2.7624799999999987,0.03347999999999862
32000,4.5,-1.5,-3.57,-3.597459999999998,0.027459999999998264
29000,5.0,0.0,-2.845,-2.8290699999999993,0.015930000000000888
4500,3.0,-1.0,-0.148,-0.14576000000000008,0.0022399999999999087
8750,4.0,-1.5,-0.152,-0.1464999999999999,0.005500000000000088
4500,4.5,-0.5,-0.111,-0.10756999999999994,0.003430000000000058
9500,3.0,-1.0,-0.291,-0.2984199999999998,0.007419999999999816
12000,4.0,0.0,-0.659,-0.66025,0.0012499999999999734
9500,4.5,0.0,-0.146,-0.14675000000000002,0.0007500000000000284
6250,4.0,0.5,0.129,0.13432999999999995,0.005329999999999946
8000,4.5,-1.0,-0.011,-0.015079999999999991,0.004079999999999992
12500,4.0,-1.0,-0.999,-0.9848000000000006,0.014199999999999435
7500,3.0,-1.0,0.097,0.09896,0.0019600000000000034
10000,2.0,-0.5,-0.306,-0.29615000000000014,0.009849999999999859
5250,4.5,-2.0,-0.033,-0.030130000000000018,0.0028699999999999837
14000,3.0,-1.5,-1.497,-1.4989199999999996,0.0019199999999994777
7750,3.0,0.5,0.162,0.1684,0.006399999999999989
30000,4.0,-2.0,-3.553,-3.5181199999999984,0.034880000000001576
20000,4.0,0.0,-1.959,-1.948050000000002,0.010949999999998017
11000,4.5,0.5,-0.428,-0.4256700000000007,0.002329999999999277
15000,5.0,-1.5,-1.716,-1.7078499999999996,0.008150000000000324
4000,4.0,-1.5,-0.16,-0.18537000000000006,0.02537000000000006
25000,3.0,-1.0,-2.763,-2.791619999999997,0.02861999999999698
16000,4.5,-2.0,-2.056,-2.0461899999999984,0.00981000000000165
5750,0.0,0.0,0.136,0.13260000000000002,0.0033999999999999864
11000,4.0,-2.0,-0.891,-0.8834200000000004,0.007579999999999587
7250,4.5,0.0,0.099,0.0924700000000001,0.006529999999999911
6750,4.5,-1.5,0.028,0.02333999999999996,0.004660000000000039
22000,4.0,0.0,-2.184,-2.15559,0.028410000000000046
8250,2.0,-1.5,0.003,0.001969999999999999,0.001030000000000001
3750,0.0,-1.0,-0.839,-0.759069999999999,0.07993000000000094
7750,3.0,-2.0,0.044,0.06257999999999997,0.01857999999999997
34000,4.0,0.0,-3.096,-3.1178099999999977,0.021809999999997665
9500,4.0,0.0,-0.14,-0.13610000000000022,0.0038999999999997925
9000,5.0,0.0,-0.085,-0.06799999999999998,0.01700000000000003
4500,0.5,-2.0,-0.159,-0.15757999999999986,0.0014200000000001434
8750,4.0,-0.5,-0.069,-0.07155999999999993,0.0025599999999999234
9250,4.0,-2.0,-0.372,-0.36562999999999973,0.006370000000000264
4250,3.5,-1.0,-0.24,-0.2457500000000001,0.005750000000000116
10500,2.5,-2.0,-0.743,-0.7339099999999996,0.009090000000000376
9500,2.0,0.5,-0.108,-0.10938999999999989,0.0013899999999998913
8750,2.5,0.0,-0.01,-0.013119999999999982,0.003119999999999982
34000,4.5,-2.0,-3.741,-3.7212799999999957,0.0197200000000044
3500,0.0,-1.5,-1.389,-1.3099500000000013,0.07904999999999873
32000,5.0,-1.5,-3.596,-3.6256399999999998,0.029639999999999667
31000,4.5,0.0,-2.949,-2.945959999999999,0.00304000000000082
16000,5.0,0.5,-1.366,-1.3645100000000001,0.0014899999999999913
10000,2.5,0.0,-0.225,-0.22599999999999995,0.0009999999999999454
3200,-0.3,0.5,-2.577,-2.549909999999998,0.027090000000002057
33000,5.0,0.5,-3.071,-3.063979999999999,0.0070200000000011364
19000,4.5,-0.5,-1.986,-1.9803399999999973,0.005660000000002663
9750,3.0,-2.0,-0.524,-0.5250099999999996,0.0010099999999996223
19000,3.0,-0.5,-1.938,-1.960160000000001,0.022160000000001068
19000,4.5,-1.5,-2.372,-2.3859000000000017,0.0139000000000018
8500,4.0,-0.5,-0.028,-0.021959999999999997,0.006040000000000004
5750,5.0,-1.0,0.026,0.023920000000000007,0.0020799999999999916
2800,5.0,-2.0,-0.514,-0.5387300000000006,0.024730000000000585
3200,0.3,-1.0,-1.361,-1.4012000000000007,0.04020000000000068
7000,3.0,-1.0,0.106,0.10171999999999995,0.004280000000000048
9500,3.0,-0.5,-0.195,-0.20200999999999975,0.007009999999999739
4500,5.0,0.0,-0.125,-0.12298999999999996,0.0020100000000000395
5250,5.0,-0.5,0.016,0.015200000000000014,0.0007999999999999865
7250,3.0,0.0,0.143,0.13461000000000015,0.008389999999999842
13000,4.0,-1.0,-1.11,-1.0923099999999992,0.01769000000000087
14000,5.0,-1.5,-1.512,-1.5106899999999988,0.0013100000000012546
12500,3.0,-1.0,-0.992,-0.9841100000000006,0.007889999999999397
6000,5.0,0.0,0.076,0.0815500000000001,0.0055500000000000965
7500,1.0,-1.0,0.137,0.13891000000000006,0.0019100000000000505
5250,4.5,0.0,0.023,0.031409999999999993,0.008409999999999994
7750,2.5,-2.0,0.062,0.08931000000000004,0.027310000000000043
6500,3.5,-1.5,0.05,0.05317000000000003,0.003170000000000027
4750,1.0,0.5,-0.047,-0.04559999999999997,0.0014000000000000332
15000,3.0,0.0,-1.224,-1.2252899999999998,0.0012899999999997913
11500,3.0,-2.0,-1.024,-1.0241200000000008,0.00012000000000078614
5750,2.5,0.0,0.096,0.10175999999999996,0.00575999999999996
9750,2.5,-1.5,-0.443,-0.4543300000000003,0.011330000000000284
21000,5.0,-1.5,-2.638,-2.62017,0.017830000000000013
8500,2.5,-1.5,-0.058,-0.06231000000000005,0.00431000000000005
17000,2.5,-2.0,-2.196,-2.2069999999999967,0.010999999999996568
2800,3.5,-0.5,-1.374,-1.5991900000000001,0.22519
5000,3.0,-0.5,-0.006,-0.002540000000000002,0.0034599999999999982
6750,1.0,-0.5,0.163,0.16053000000000012,0.002469999999999889
30000,4.5,0.0,-2.882,-2.849739999999999,0.03226000000000129
2200,4.5,0.0,-2.42,-2.381760000000001,0.03823999999999872
13000,2.5,0.0,-0.843,-0.8466399999999993,0.0036399999999993105
9500,3.5,0.5,-0.104,-0.1087899999999999,0.0047899999999999054
15000,3.0,-0.5,-1.347,-1.353359999999999,0.006359999999999033
3200,0.3,0.0,-2.063,-1.880749999999999,0.18225000000000113
12500,3.5,-0.5,-0.852,-0.8493699999999993,0.0026300000000006873
7000,3.0,-2.0,0.079,0.07036999999999993,0.008630000000000068
6500,4.0,-2.0,0.018,0.01326,0.004739999999999999
42500,5.0,0.5,-3.83,-3.7943500000000023,0.03564999999999774
7750,3.5,-1.5,0.041,0.05191999999999994,0.010919999999999937
9500,2.0,-1.0,-0.303,-0.29850999999999983,0.0044900000000001605
12500,3.0,0.0,-0.741,-0.74564,0.0046399999999999775
12500,4.0,0.0,-0.752,-0.7507399999999999,0.0012600000000001499
5500,1.5,-2.0,0.037,0.04448000000000004,0.007480000000000042
16000,3.5,-2.0,-2.045,-2.0338499999999997,0.011150000000000215
4250,4.0,0.0,-0.265,-0.20165000000000016,0.06334999999999985
11000,5.0,-1.5,-0.787,-0.790700000000001,0.0037000000000009248
7750,3.0,-0.5,0.101,0.10493000000000008,0.003930000000000072
11500,5.0,-2.0,-1.03,-1.019660000000001,0.010339999999999128
7500,2.0,-1.5,0.112,0.11337999999999998,0.0013799999999999785
24000,4.0,-2.0,-3.138,-3.127690000000003,0.010309999999996933
10000,4.0,0.5,-0.202,-0.19740999999999986,0.0045900000000001495
8250,4.5,0.5,0.074,0.07837000000000009,0.004370000000000096
